{"cameraMode":{"drawMode":0,"name":"Shaded","section":"Shading Mode"},"sceneLighting":false,"audioPlay":false,"sceneViewState":{"m_AlwaysRefresh":false,"showFog":true,"showSkybox":false,"showFlares":true,"showImageEffects":true,"showParticleSystems":true,"showVisualEffectGraphs":true,"m_FxEnabled":true},"in2DMode":false,"pivot":{"x":2.752331256866455,"y":1.7170419692993165,"z":1.0572115182876588},"rotation":{"x":0.031690675765275958,"y":-0.7530299425125122,"z":0.036433059722185138,"w":0.6561258435249329},"size":1.6038315296173096,"orthographic":false}