{"cameraMode":{"drawMode":0,"name":"Shaded","section":"Shading Mode"},"sceneLighting":false,"audioPlay":false,"sceneViewState":{"m_AlwaysRefresh":false,"showFog":true,"showSkybox":false,"showFlares":true,"showImageEffects":true,"showParticleSystems":true,"showVisualEffectGraphs":true,"m_FxEnabled":true},"in2DMode":false,"pivot":{"x":2.9774911403656008,"y":1.8679441213607789,"z":-2.004654884338379},"rotation":{"x":0.2187362164258957,"y":-0.4701113998889923,"z":0.12149158865213394,"w":0.8463982343673706},"size":0.0006173205329105258,"orthographic":false}