{"cameraMode":{"drawMode":0,"name":"Shaded","section":"Shading Mode"},"sceneLighting":false,"audioPlay":false,"sceneViewState":{"m_AlwaysRefresh":false,"showFog":true,"showSkybox":false,"showFlares":true,"showImageEffects":true,"showParticleSystems":true,"showVisualEffectGraphs":true,"m_FxEnabled":true},"in2DMode":false,"pivot":{"x":0.00143109867349267,"y":-0.0018813805654644967,"z":-0.0005196938291192055},"rotation":{"x":0.30490729212760928,"y":-0.2530313730239868,"z":0.08438553661108017,"w":0.9142710566520691},"size":0.029766716063022615,"orthographic":false}