{"cameraMode":{"drawMode":0,"name":"Shaded","section":"Shading Mode"},"sceneLighting":false,"audioPlay":false,"sceneViewState":{"m_AlwaysRefresh":false,"showFog":true,"showSkybox":false,"showFlares":true,"showImageEffects":true,"showParticleSystems":true,"showVisualEffectGraphs":true,"m_FxEnabled":true},"in2DMode":false,"pivot":{"x":0.04418247938156128,"y":2.6189305782318117,"z":0.048935651779174808},"rotation":{"x":0.23731571435928346,"y":-0.2903916537761688,"z":0.0745818018913269,"w":0.9240106344223023},"size":3.292616844177246,"orthographic":false}