{"cameraMode":{"drawMode":0,"name":"Shaded","section":"Shading Mode"},"sceneLighting":false,"audioPlay":false,"sceneViewState":{"m_AlwaysRefresh":false,"showFog":true,"showSkybox":false,"showFlares":true,"showImageEffects":true,"showParticleSystems":true,"showVisualEffectGraphs":true,"m_FxEnabled":true},"in2DMode":false,"pivot":{"x":-0.0013505369424819947,"y":0.8580182790756226,"z":-0.12086904048919678},"rotation":{"x":-0.10426001250743866,"y":-0.8125386834144592,"z":0.1530943512916565,"w":-0.5526010394096375},"size":1.5463546514511109,"orthographic":false}