{"cameraMode":{"drawMode":0,"name":"Shaded","section":"Shading Mode"},"sceneLighting":false,"audioPlay":false,"sceneViewState":{"m_AlwaysRefresh":false,"showFog":true,"showSkybox":false,"showFlares":true,"showImageEffects":true,"showParticleSystems":true,"showVisualEffectGraphs":true,"m_FxEnabled":true},"in2DMode":false,"pivot":{"x":-0.011567115783691407,"y":1.4195787906646729,"z":0.7074952125549316},"rotation":{"x":-0.12971384823322297,"y":-0.7601217031478882,"z":0.15979669988155366,"w":-0.6162375211715698},"size":2.673480272293091,"orthographic":false}